{"au12": 0.4314980518225406, "au25": 0.3436885930429657, "au26": 0.5571881672781566}