{"au6": 31.06259739577375, "au12": 203.12444719316454, "au16": 230.74411900123266, "au25": 134.47602254169888, "au26": 230.74411900123266}