{"au12": 177.1922355153246, "au25": 123.99081409794714, "au26": 213.5857632954849}