{"au12": 217.14365739410158, "au25": 142.00080174926578, "au26": 244.5610129665966}